{
  "activation_threshold": 1000.0,
  "bootstrap_namespace": "DEV-PG-CI",
  "bootstrap_resamples": 10000,
  "calibration_executed": false,
  "contract_version": "predictable-group-1.0.0",
  "criteria": {
    "activation": false,
    "availability": false,
    "direction_accuracy": false,
    "direction_trials": false,
    "lower_delta_brier": false,
    "lower_delta_log_loss": false,
    "mean_delta_brier": false,
    "mean_delta_log_loss": false,
    "median_delay": true,
    "null_rate": true,
    "null_upper": true
  },
  "direction_accuracy": 0.7868389780154486,
  "direction_hits": 5297,
  "direction_trials": 6732,
  "evaluation_horizon": 520,
  "evaluation_origin": 625,
  "final_distribution": "M0_ONLY",
  "full_m3_dev_executed": false,
  "gate": "Gate 2-3P-R3M-3-2",
  "group_availability": 0.3366,
  "implementation_commit": "156f286db9242f0e8f45c0bda9246e57d22d57da",
  "lower_95_delta_brier": -1.8087599218264927e-05,
  "lower_95_delta_log_loss": -0.003194311935549518,
  "main_merge_performed": false,
  "mean_delta_brier": -1.6941950397462026e-05,
  "mean_delta_log_loss": -0.0029845604295056435,
  "median_activation_delay": 421.0,
  "mobile_work_executed": false,
  "model_version": "5.0.0-research",
  "namespace": "DEV-PG",
  "null_activated": 1,
  "null_false_activation_rate": 0.0001,
  "null_false_activation_upper_95": 0.00047429765916447847,
  "null_replicates": 10000,
  "positive_abstain_blocks": 13268,
  "positive_activated": 27,
  "positive_activation_rate": 0.0135,
  "positive_cv_diagnostics": {
    "10": {"mean": -2.7895678644207162, "q05": -8.96171849377176, "q50": -2.713699056973886, "q95": 3.534320379823989},
    "15": {"mean": -4.04983112141654, "q05": -11.133947130633626, "q50": -3.9933534885789133, "q95": 2.9240966021615904},
    "6": {"mean": -1.527662808253548, "q05": -6.822613823033299, "q50": -1.6903121428064751, "q95": 3.8882766400487685}
  },
  "positive_eligible_counts": {"10": 3718, "15": 2877, "6": 4766},
  "positive_fold_histogram": {
    "10": {"0": 2023, "1": 5551, "2": 6632, "3": 4125, "4": 1440, "5": 229},
    "15": {"0": 2481, "1": 6146, "2": 6501, "3": 3654, "4": 1088, "5": 130},
    "6": {"0": 1856, "1": 5229, "2": 6656, "3": 4405, "4": 1585, "5": 269}
  },
  "positive_replicates": 2000,
  "positive_size_counts": {"10": 1969, "15": 1459, "6": 3304},
  "post_activation_active_life": 208,
  "public_release_allowed": false,
  "real_data_executed": false,
  "report_hash": "9c604e27684737017120a95f11849c2648394c99525cf53ca262828fd514ec37",
  "sealed_validation_executed": false,
  "seed_manifest_hash": "5fa4ab0038468a38f7a06a41928752c1a444ba9a17eef64e10a2d3d64cc69038",
  "status": "PREDICTABLE_GROUP_FAIL"
}
